--
-- PostgreSQL database dump
--

-- Dumped from database version 12.16 (Ubuntu 12.16-0ubuntu0.20.04.1)
-- Dumped by pg_dump version 12.16 (Ubuntu 12.16-0ubuntu0.20.04.1)

SET statement_timeout = 0;
SET lock_timeout = 0;
SET idle_in_transaction_session_timeout = 0;
SET client_encoding = 'UTF8';
SET standard_conforming_strings = on;
SELECT pg_catalog.set_config('search_path', '', false);
SET check_function_bodies = false;
SET xmloption = content;
SET client_min_messages = warning;
SET row_security = off;

SET default_tablespace = '';

SET default_table_access_method = heap;

--
-- Name: auth_group; Type: TABLE; Schema: public; Owner: postgres
--

CREATE TABLE public.auth_group (
    id integer NOT NULL,
    name character varying(150) NOT NULL
);


ALTER TABLE public.auth_group OWNER TO postgres;

--
-- Name: auth_group_id_seq; Type: SEQUENCE; Schema: public; Owner: postgres
--

ALTER TABLE public.auth_group ALTER COLUMN id ADD GENERATED BY DEFAULT AS IDENTITY (
    SEQUENCE NAME public.auth_group_id_seq
    START WITH 1
    INCREMENT BY 1
    NO MINVALUE
    NO MAXVALUE
    CACHE 1
);


--
-- Name: auth_group_permissions; Type: TABLE; Schema: public; Owner: postgres
--

CREATE TABLE public.auth_group_permissions (
    id bigint NOT NULL,
    group_id integer NOT NULL,
    permission_id integer NOT NULL
);


ALTER TABLE public.auth_group_permissions OWNER TO postgres;

--
-- Name: auth_group_permissions_id_seq; Type: SEQUENCE; Schema: public; Owner: postgres
--

ALTER TABLE public.auth_group_permissions ALTER COLUMN id ADD GENERATED BY DEFAULT AS IDENTITY (
    SEQUENCE NAME public.auth_group_permissions_id_seq
    START WITH 1
    INCREMENT BY 1
    NO MINVALUE
    NO MAXVALUE
    CACHE 1
);


--
-- Name: auth_permission; Type: TABLE; Schema: public; Owner: postgres
--

CREATE TABLE public.auth_permission (
    id integer NOT NULL,
    name character varying(255) NOT NULL,
    content_type_id integer NOT NULL,
    codename character varying(100) NOT NULL
);


ALTER TABLE public.auth_permission OWNER TO postgres;

--
-- Name: auth_permission_id_seq; Type: SEQUENCE; Schema: public; Owner: postgres
--

ALTER TABLE public.auth_permission ALTER COLUMN id ADD GENERATED BY DEFAULT AS IDENTITY (
    SEQUENCE NAME public.auth_permission_id_seq
    START WITH 1
    INCREMENT BY 1
    NO MINVALUE
    NO MAXVALUE
    CACHE 1
);


--
-- Name: chats_message; Type: TABLE; Schema: public; Owner: postgres
--

CREATE TABLE public.chats_message (
    id bigint NOT NULL,
    content text NOT NULL,
    "timestamp" timestamp with time zone NOT NULL
);


ALTER TABLE public.chats_message OWNER TO postgres;

--
-- Name: chats_message_id_seq; Type: SEQUENCE; Schema: public; Owner: postgres
--

ALTER TABLE public.chats_message ALTER COLUMN id ADD GENERATED BY DEFAULT AS IDENTITY (
    SEQUENCE NAME public.chats_message_id_seq
    START WITH 1
    INCREMENT BY 1
    NO MINVALUE
    NO MAXVALUE
    CACHE 1
);


--
-- Name: django_admin_log; Type: TABLE; Schema: public; Owner: postgres
--

CREATE TABLE public.django_admin_log (
    id integer NOT NULL,
    action_time timestamp with time zone NOT NULL,
    object_id text,
    object_repr character varying(200) NOT NULL,
    action_flag smallint NOT NULL,
    change_message text NOT NULL,
    content_type_id integer,
    user_id bigint NOT NULL,
    CONSTRAINT django_admin_log_action_flag_check CHECK ((action_flag >= 0))
);


ALTER TABLE public.django_admin_log OWNER TO postgres;

--
-- Name: django_admin_log_id_seq; Type: SEQUENCE; Schema: public; Owner: postgres
--

ALTER TABLE public.django_admin_log ALTER COLUMN id ADD GENERATED BY DEFAULT AS IDENTITY (
    SEQUENCE NAME public.django_admin_log_id_seq
    START WITH 1
    INCREMENT BY 1
    NO MINVALUE
    NO MAXVALUE
    CACHE 1
);


--
-- Name: django_content_type; Type: TABLE; Schema: public; Owner: postgres
--

CREATE TABLE public.django_content_type (
    id integer NOT NULL,
    app_label character varying(100) NOT NULL,
    model character varying(100) NOT NULL
);


ALTER TABLE public.django_content_type OWNER TO postgres;

--
-- Name: django_content_type_id_seq; Type: SEQUENCE; Schema: public; Owner: postgres
--

ALTER TABLE public.django_content_type ALTER COLUMN id ADD GENERATED BY DEFAULT AS IDENTITY (
    SEQUENCE NAME public.django_content_type_id_seq
    START WITH 1
    INCREMENT BY 1
    NO MINVALUE
    NO MAXVALUE
    CACHE 1
);


--
-- Name: django_migrations; Type: TABLE; Schema: public; Owner: postgres
--

CREATE TABLE public.django_migrations (
    id bigint NOT NULL,
    app character varying(255) NOT NULL,
    name character varying(255) NOT NULL,
    applied timestamp with time zone NOT NULL
);


ALTER TABLE public.django_migrations OWNER TO postgres;

--
-- Name: django_migrations_id_seq; Type: SEQUENCE; Schema: public; Owner: postgres
--

ALTER TABLE public.django_migrations ALTER COLUMN id ADD GENERATED BY DEFAULT AS IDENTITY (
    SEQUENCE NAME public.django_migrations_id_seq
    START WITH 1
    INCREMENT BY 1
    NO MINVALUE
    NO MAXVALUE
    CACHE 1
);


--
-- Name: django_session; Type: TABLE; Schema: public; Owner: postgres
--

CREATE TABLE public.django_session (
    session_key character varying(40) NOT NULL,
    session_data text NOT NULL,
    expire_date timestamp with time zone NOT NULL
);


ALTER TABLE public.django_session OWNER TO postgres;

--
-- Name: users_message; Type: TABLE; Schema: public; Owner: postgres
--

CREATE TABLE public.users_message (
    id bigint NOT NULL,
    body text,
    created timestamp with time zone,
    updated timestamp with time zone,
    room_id bigint,
    user_id bigint
);


ALTER TABLE public.users_message OWNER TO postgres;

--
-- Name: users_message_id_seq; Type: SEQUENCE; Schema: public; Owner: postgres
--

CREATE SEQUENCE public.users_message_id_seq
    START WITH 1
    INCREMENT BY 1
    NO MINVALUE
    NO MAXVALUE
    CACHE 1;


ALTER TABLE public.users_message_id_seq OWNER TO postgres;

--
-- Name: users_message_id_seq; Type: SEQUENCE OWNED BY; Schema: public; Owner: postgres
--

ALTER SEQUENCE public.users_message_id_seq OWNED BY public.users_message.id;


--
-- Name: users_room; Type: TABLE; Schema: public; Owner: postgres
--

CREATE TABLE public.users_room (
    id bigint NOT NULL,
    name character varying(200),
    description text,
    age integer,
    country character varying(50),
    updated timestamp with time zone,
    created timestamp with time zone,
    host_id bigint,
    topic_id bigint
);


ALTER TABLE public.users_room OWNER TO postgres;

--
-- Name: users_room_id_seq; Type: SEQUENCE; Schema: public; Owner: postgres
--

CREATE SEQUENCE public.users_room_id_seq
    START WITH 1
    INCREMENT BY 1
    NO MINVALUE
    NO MAXVALUE
    CACHE 1;


ALTER TABLE public.users_room_id_seq OWNER TO postgres;

--
-- Name: users_room_id_seq; Type: SEQUENCE OWNED BY; Schema: public; Owner: postgres
--

ALTER SEQUENCE public.users_room_id_seq OWNED BY public.users_room.id;


--
-- Name: users_room_participants; Type: TABLE; Schema: public; Owner: postgres
--

CREATE TABLE public.users_room_participants (
    id bigint NOT NULL,
    room_id bigint,
    user_id bigint
);


ALTER TABLE public.users_room_participants OWNER TO postgres;

--
-- Name: users_room_participants_id_seq; Type: SEQUENCE; Schema: public; Owner: postgres
--

CREATE SEQUENCE public.users_room_participants_id_seq
    START WITH 1
    INCREMENT BY 1
    NO MINVALUE
    NO MAXVALUE
    CACHE 1;


ALTER TABLE public.users_room_participants_id_seq OWNER TO postgres;

--
-- Name: users_room_participants_id_seq; Type: SEQUENCE OWNED BY; Schema: public; Owner: postgres
--

ALTER SEQUENCE public.users_room_participants_id_seq OWNED BY public.users_room_participants.id;


--
-- Name: users_topic; Type: TABLE; Schema: public; Owner: postgres
--

CREATE TABLE public.users_topic (
    id bigint NOT NULL,
    name character varying(200)
);


ALTER TABLE public.users_topic OWNER TO postgres;

--
-- Name: users_topic_id_seq; Type: SEQUENCE; Schema: public; Owner: postgres
--

CREATE SEQUENCE public.users_topic_id_seq
    START WITH 1
    INCREMENT BY 1
    NO MINVALUE
    NO MAXVALUE
    CACHE 1;


ALTER TABLE public.users_topic_id_seq OWNER TO postgres;

--
-- Name: users_topic_id_seq; Type: SEQUENCE OWNED BY; Schema: public; Owner: postgres
--

ALTER SEQUENCE public.users_topic_id_seq OWNED BY public.users_topic.id;


--
-- Name: users_user; Type: TABLE; Schema: public; Owner: postgres
--

CREATE TABLE public.users_user (
    id bigint NOT NULL,
    password character varying(128),
    last_login timestamp with time zone,
    is_superuser boolean,
    username character varying(150),
    first_name character varying(150),
    last_name character varying(150),
    email character varying(254),
    is_staff boolean,
    is_active boolean,
    date_joined timestamp with time zone,
    bio text,
    avatar character varying(100)
);


ALTER TABLE public.users_user OWNER TO postgres;

--
-- Name: users_user_groups; Type: TABLE; Schema: public; Owner: postgres
--

CREATE TABLE public.users_user_groups (
    id bigint NOT NULL,
    user_id bigint,
    group_id bigint
);


ALTER TABLE public.users_user_groups OWNER TO postgres;

--
-- Name: users_user_groups_id_seq; Type: SEQUENCE; Schema: public; Owner: postgres
--

CREATE SEQUENCE public.users_user_groups_id_seq
    START WITH 1
    INCREMENT BY 1
    NO MINVALUE
    NO MAXVALUE
    CACHE 1;


ALTER TABLE public.users_user_groups_id_seq OWNER TO postgres;

--
-- Name: users_user_groups_id_seq; Type: SEQUENCE OWNED BY; Schema: public; Owner: postgres
--

ALTER SEQUENCE public.users_user_groups_id_seq OWNED BY public.users_user_groups.id;


--
-- Name: users_user_id_seq; Type: SEQUENCE; Schema: public; Owner: postgres
--

CREATE SEQUENCE public.users_user_id_seq
    START WITH 1
    INCREMENT BY 1
    NO MINVALUE
    NO MAXVALUE
    CACHE 1;


ALTER TABLE public.users_user_id_seq OWNER TO postgres;

--
-- Name: users_user_id_seq; Type: SEQUENCE OWNED BY; Schema: public; Owner: postgres
--

ALTER SEQUENCE public.users_user_id_seq OWNED BY public.users_user.id;


--
-- Name: users_user_user_permissions; Type: TABLE; Schema: public; Owner: postgres
--

CREATE TABLE public.users_user_user_permissions (
    id bigint NOT NULL,
    user_id bigint,
    permission_id bigint
);


ALTER TABLE public.users_user_user_permissions OWNER TO postgres;

--
-- Name: users_user_user_permissions_id_seq; Type: SEQUENCE; Schema: public; Owner: postgres
--

CREATE SEQUENCE public.users_user_user_permissions_id_seq
    START WITH 1
    INCREMENT BY 1
    NO MINVALUE
    NO MAXVALUE
    CACHE 1;


ALTER TABLE public.users_user_user_permissions_id_seq OWNER TO postgres;

--
-- Name: users_user_user_permissions_id_seq; Type: SEQUENCE OWNED BY; Schema: public; Owner: postgres
--

ALTER SEQUENCE public.users_user_user_permissions_id_seq OWNED BY public.users_user_user_permissions.id;


--
-- Name: users_message id; Type: DEFAULT; Schema: public; Owner: postgres
--

ALTER TABLE ONLY public.users_message ALTER COLUMN id SET DEFAULT nextval('public.users_message_id_seq'::regclass);


--
-- Name: users_room id; Type: DEFAULT; Schema: public; Owner: postgres
--

ALTER TABLE ONLY public.users_room ALTER COLUMN id SET DEFAULT nextval('public.users_room_id_seq'::regclass);


--
-- Name: users_room_participants id; Type: DEFAULT; Schema: public; Owner: postgres
--

ALTER TABLE ONLY public.users_room_participants ALTER COLUMN id SET DEFAULT nextval('public.users_room_participants_id_seq'::regclass);


--
-- Name: users_topic id; Type: DEFAULT; Schema: public; Owner: postgres
--

ALTER TABLE ONLY public.users_topic ALTER COLUMN id SET DEFAULT nextval('public.users_topic_id_seq'::regclass);


--
-- Name: users_user id; Type: DEFAULT; Schema: public; Owner: postgres
--

ALTER TABLE ONLY public.users_user ALTER COLUMN id SET DEFAULT nextval('public.users_user_id_seq'::regclass);


--
-- Name: users_user_groups id; Type: DEFAULT; Schema: public; Owner: postgres
--

ALTER TABLE ONLY public.users_user_groups ALTER COLUMN id SET DEFAULT nextval('public.users_user_groups_id_seq'::regclass);


--
-- Name: users_user_user_permissions id; Type: DEFAULT; Schema: public; Owner: postgres
--

ALTER TABLE ONLY public.users_user_user_permissions ALTER COLUMN id SET DEFAULT nextval('public.users_user_user_permissions_id_seq'::regclass);


--
-- Data for Name: auth_group; Type: TABLE DATA; Schema: public; Owner: postgres
--

COPY public.auth_group (id, name) FROM stdin;
\.


--
-- Data for Name: auth_group_permissions; Type: TABLE DATA; Schema: public; Owner: postgres
--

COPY public.auth_group_permissions (id, group_id, permission_id) FROM stdin;
\.


--
-- Data for Name: auth_permission; Type: TABLE DATA; Schema: public; Owner: postgres
--

COPY public.auth_permission (id, name, content_type_id, codename) FROM stdin;
1	Can add log entry	1	add_logentry
2	Can change log entry	1	change_logentry
3	Can delete log entry	1	delete_logentry
4	Can view log entry	1	view_logentry
5	Can add permission	2	add_permission
6	Can change permission	2	change_permission
7	Can delete permission	2	delete_permission
8	Can view permission	2	view_permission
9	Can add group	3	add_group
10	Can change group	3	change_group
11	Can delete group	3	delete_group
12	Can view group	3	view_group
13	Can add content type	4	add_contenttype
14	Can change content type	4	change_contenttype
15	Can delete content type	4	delete_contenttype
16	Can view content type	4	view_contenttype
17	Can add session	5	add_session
18	Can change session	5	change_session
19	Can delete session	5	delete_session
20	Can view session	5	view_session
21	Can add user	6	add_user
22	Can change user	6	change_user
23	Can delete user	6	delete_user
24	Can view user	6	view_user
25	Can add topic	7	add_topic
26	Can change topic	7	change_topic
27	Can delete topic	7	delete_topic
28	Can view topic	7	view_topic
29	Can add room	8	add_room
30	Can change room	8	change_room
31	Can delete room	8	delete_room
32	Can view room	8	view_room
33	Can add message	9	add_message
34	Can change message	9	change_message
35	Can delete message	9	delete_message
36	Can view message	9	view_message
37	Can add message	10	add_message
38	Can change message	10	change_message
39	Can delete message	10	delete_message
40	Can view message	10	view_message
\.


--
-- Data for Name: chats_message; Type: TABLE DATA; Schema: public; Owner: postgres
--

COPY public.chats_message (id, content, "timestamp") FROM stdin;
\.


--
-- Data for Name: django_admin_log; Type: TABLE DATA; Schema: public; Owner: postgres
--

COPY public.django_admin_log (id, action_time, object_id, object_repr, action_flag, change_message, content_type_id, user_id) FROM stdin;
1	2023-11-04 08:36:43.680727+00	4	pwisdom	2	[{"changed": {"fields": ["Bio", "Avatar"]}}]	6	3
\.


--
-- Data for Name: django_content_type; Type: TABLE DATA; Schema: public; Owner: postgres
--

COPY public.django_content_type (id, app_label, model) FROM stdin;
1	admin	logentry
2	auth	permission
3	auth	group
4	contenttypes	contenttype
5	sessions	session
6	users	user
7	users	topic
8	users	room
9	users	message
10	chats	message
\.


--
-- Data for Name: django_migrations; Type: TABLE DATA; Schema: public; Owner: postgres
--

COPY public.django_migrations (id, app, name, applied) FROM stdin;
1	contenttypes	0001_initial	2023-11-03 16:38:46.899631+00
2	admin	0001_initial	2023-11-03 17:46:52.184842+00
3	admin	0002_logentry_remove_auto_add	2023-11-03 17:46:52.191624+00
4	admin	0003_logentry_add_action_flag_choices	2023-11-03 17:46:52.196954+00
5	contenttypes	0002_remove_content_type_name	2023-11-03 17:46:52.226654+00
6	auth	0001_initial	2023-11-03 17:46:52.297119+00
7	auth	0002_alter_permission_name_max_length	2023-11-03 17:46:52.304887+00
8	auth	0003_alter_user_email_max_length	2023-11-03 17:46:52.311123+00
9	auth	0004_alter_user_username_opts	2023-11-03 17:46:52.317113+00
10	auth	0005_alter_user_last_login_null	2023-11-03 17:46:52.32318+00
11	auth	0006_require_contenttypes_0002	2023-11-03 17:46:52.325784+00
12	auth	0007_alter_validators_add_error_messages	2023-11-03 17:46:52.333896+00
13	auth	0008_alter_user_username_max_length	2023-11-03 17:46:52.339701+00
14	auth	0009_alter_user_last_name_max_length	2023-11-03 17:46:52.345715+00
15	auth	0010_alter_group_name_max_length	2023-11-03 17:46:52.353984+00
16	auth	0011_update_proxy_permissions	2023-11-03 17:46:52.364777+00
17	auth	0012_alter_user_first_name_max_length	2023-11-03 17:46:52.371189+00
18	sessions	0001_initial	2023-11-03 17:46:52.395381+00
19	chats	0001_initial	2023-11-05 16:25:33.28887+00
\.


--
-- Data for Name: django_session; Type: TABLE DATA; Schema: public; Owner: postgres
--

COPY public.django_session (session_key, session_data, expire_date) FROM stdin;
65nq7o05vg9pr6dlevvojp7o9oqyf94r	.eJxVjMsOwiAQRf-FtSGdCgy4dN9vIDM8pGogKe3K-O_apAvd3nPOfQlP21r81tPi5yguQovT78YUHqnuIN6p3poMra7LzHJX5EG7nFpMz-vh_h0U6uVbZ82kODjQCi2Bo4yZKbmB2KICM-ZkIA5BA-doHRpHSbGxZwVoeETx_gD_GzgV:1qzCI4:3DQvJMHxSnwK12zUE52r5s-OKJ-UxmibTS-U0rjHMSI	2023-11-18 08:46:00.144439+00
t56e1ouk1dch2z9aez1eb2pkjyblofa3	.eJxVjDsOwjAQBe_iGll21r-lpOcMlje7xgGUSPlUiLtDpBTQvpl5L5XLtra8LTLngdVZBXX63aj0Dxl3wPcy3ibdT-M6D6R3RR900deJ5Xk53L-DVpb2rZPpmTBQsuwsdehCRKi-VIwYU2RDAowdgoGEAEXEeTJYo7cuCIJ6fwDR9jcR:1qzFJd:u6lt2jLekOWIJWy7fzEr6Cd7PS4X4x_CH4FY6stGi5E	2023-11-18 11:59:49.096787+00
ur9eufrpn3srxdt63w0d2dufvx16d9en	.eJxVjDsOwjAQBe_iGlm21l9Kes5g7XrXJIASKZ8q4u4kUgpo38y8TRVcl66ss0ylZ3VVSV1-N8L6kuEA_MThMeo6DsvUkz4UfdJZ30eW9-10_w46nLu9jogOanIE0RqADEKGyIh3MZDxkGxu4jm1nbjMGIP1ueUaQExin9XnC9KuN18:1qzHBQ:q5CfmydX9mj_Cofd0wQIy2BD8pMYVANrEvDiFFVhkMQ	2023-11-18 13:59:28.477701+00
0grkslovehmc3fttm17z9lwigy4tlr8k	.eJxVjMsOwiAUBf-FtSG8Hy7d9xsIXC5SNZCUdmX8d9ukC93OzDlvEuK21rANXMKcyZV4cvllKcIT2yHyI7Z7p9DbusyJHgk97aBTz_i6ne3fQY2j7muUgMU5dEo6LqVCDczExCExXbjeuVJgpHcRLaTEbeZWCANOCq5Y8eTzBee7N3s:1qzbW8:dvwJHA3i9eeLpfvo5T4HuUAVnCvim8RFWARTRCSkgYQ	2023-11-19 11:42:12.498445+00
qxdotogg6e3ez8iz0nhbrrqjkbdznt0y	.eJxVjDsOwjAQBe_iGlnrT9Y2JX3OYHmdDQ6gRIqTCnF3HCkFtDPz3lvEtG8l7pXXOA3iKhSIyy-klJ88H2Z4pPm-yLzM2zqRPBJ52ir7ZeDX7Wz_Dkqqpa21CdoSdIFdNgQWARmAqQPtPaPDEY3yxgfyPjnVMGHgZHUrRwQWny_MPjaG:1qznW9:gSRsDqecS3ISp9beJ4AipT1_uTBPt3glkJ0toqZGi1I	2023-11-20 00:31:01.495599+00
vblvety8vfv4wg4h5uk0yl8tgck3ozcc	.eJxVjEsOAiEQBe_C2hD5SePSvWcg3Q3IqIFkmFkZ766TzEK3r6reS0RclxrXkec4JXEWWhx-N0J-5LaBdMd265J7W-aJ5KbInQ557Sk_L7v7d1Bx1G8N7D07R2gTI4ZUksNCRKE448ACgzkyglKoQ1ZQQJ0sam9DNqw9kHh_ABEgOHE:1qzs83:JdnDiTgDikou0mXrBiPS4uT-Dard8ajjRc1KXiT11_Y	2023-11-20 05:26:27.450376+00
g51q72ezikozr6tec56yl6ng2zml1xx6	.eJxVjEEOwiAQRe_C2hAoDGNduu8ZmmGGStVAUtqV8e7apAvd_vfef6mRtjWPW0vLOIu6KFSn3y0SP1LZgdyp3KrmWtZljnpX9EGbHqqk5_Vw_w4ytfytAXoTkXvwzE7ONgTxSA4ZOwxAgGQsUMfRYCB2E_Ak4q0hYzwkZPX-ANAXN5g:1r3C72:xWjrtoL1A_s-nsc8Z15FtvyygxrDaltJ2EJkWYD65p4	2023-11-29 09:23:08.276614+00
w35c351dh9r2ceges3qc4hsys5v47drz	.eJxVjEsOAiEQBe_C2hD5SePSvWcg3Q3IqIFkmFkZ766TzEK3r6reS0RclxrXkec4JXEWWhx-N0J-5LaBdMd265J7W-aJ5KbInQ557Sk_L7v7d1Bx1G8N7D07R2gTI4ZUksNCRKE448ACgzkyglKoQ1ZQQJ0sam9DNqw9kHh_ABEgOHE:1r4EaU:hv2imgRH7oITkVRP9Xp_TsAgpyHpc-zQf9KPeIxA1wE	2023-12-02 06:13:50.660118+00
\.


--
-- Data for Name: users_message; Type: TABLE DATA; Schema: public; Owner: postgres
--

COPY public.users_message (id, body, created, updated, room_id, user_id) FROM stdin;
1	Great, can't wait to read these stories.	2023-11-03 22:43:03.802589+00	2023-11-03 22:43:03.802607+00	1	2
2	Once upon a time there was a dear little girl who was loved by every one who looked at her, but most of all by her grandmother, and there was nothing that she would not have given to the child. Once she gave her a little cap of red velvet, which suited her so well that she would never wear anything else. So she was always called Little Red Riding Hood	2023-11-04 08:23:04.953342+00	2023-11-04 08:23:04.953358+00	1	4
3	Hmm....ookay	2023-11-04 10:37:14.611293+00	2023-11-04 10:37:14.611308+00	1	5
4	Beautiful  article 😍 	2023-11-04 17:37:10.711262+00	2023-11-04 17:37:10.711293+00	5	2
5	[Continuation].   Now, Kide was not your ordinary snake; he had a peculiar fascination with fashion. While most snakes were content slithering through the grass in their natural state, Kide had a grand vision of becoming the most stylish serpent in the animal kingdom.  Kide's journey into the world of fashion began when he found an abandoned shoelace in the forest. With great determination, he managed to tie the shoelace around his neck as a makeshift tie. The forest creatures couldn't believe their eyes as Kide proudly displayed his new "accessory."  Soon, word of Kide's fashion sense spread throughout the animal kingdom. Animals from near and far came to see the stylish snake. Kide became a fashion icon, and he embraced his new role wholeheartedly. He experimented with scarves, belts, and even a top hat he found discarded by a nearby hiker.  One day, a wise old owl visited Kide and said, "Kide, fashion is not just about looking good; it's about expressing your unique self." Kide pondered these words, realizing that he had become so consumed with his outward appearance that he had neglected the qualities that truly mattered.  Determined to embrace both style and substance, Kide started hosting fashion shows that promoted eco-friendly and sustainable clothing made from materials found in the forest. He also organized clean-up events to keep the forest beautiful and safe for all creatures.  Kide's transformation from a fashion-obsessed snake to a thoughtful and responsible community leader was truly inspiring. His fashion sense continued to turn heads, but now it was his heart, kindness, and commitment to a better environment that made him a true icon in the animal kingdom.  And so, Kide, the once-fashion-obsessed snake, became a symbol of the perfect blend of style, substance, and caring for the world around us, teaching everyone that true beauty goes beyond appearances and lies within the heart.	2023-11-04 21:26:06.563996+00	2023-11-04 21:26:06.564012+00	4	2
7	Welcome to NarrArtive @Muchiri, Here you will read most mesmerizing stories of all seasons, You can also engage by creating and sharing stress killer stories or collaborate on others' stories. Have fun	2023-11-04 22:26:04.59332+00	2023-11-04 22:26:04.593335+00	6	3
9	What an insight on insight! Thank you for sharing	2023-11-06 05:55:41.108772+00	2023-11-06 05:55:41.108787+00	3	2
10	Great story, Hero is always with in.	2023-11-10 06:19:06.256552+00	2023-11-10 06:19:06.25657+00	8	11
11	Hahah :D 	2023-11-10 06:19:58.344127+00	2023-11-10 06:19:58.344143+00	12	11
12	This mystery is no where close to being fixed, i have single socks as many as single m**thers crisis!	2023-11-10 06:22:01.702918+00	2023-11-10 06:22:01.702937+00	7	11
13	Is this to be continued?	2023-11-10 06:22:59.729222+00	2023-11-10 06:22:59.72924+00	5	11
14	May his name forever be praised.	2023-11-10 06:24:33.609858+00	2023-11-10 06:24:33.609877+00	3	11
15	Brilliant	2023-11-11 15:08:33.919085+00	2023-11-11 15:08:33.9191+00	9	5
16	Thankyou @thewisepeter for the comment, i am glad you found this brilliant	2023-11-11 21:28:41.096076+00	2023-11-11 21:28:41.096093+00	9	3
\.


--
-- Data for Name: users_room; Type: TABLE DATA; Schema: public; Owner: postgres
--

COPY public.users_room (id, name, description, age, country, updated, created, host_id, topic_id) FROM stdin;
1	African Folktales	Folktales and myths serve as a means of handing down traditions and customs from one generation to the next in Africa. \r\nFor several generations, stories from Africa have traditionally been passed down by word of mouth. Often, after a hard day’s work, the adults would gather the children together by moonlight, around a village fire and tell stories. This was traditionally called 'Tales by Moonlight'. Usually, the stories are meant to prepare young people for life, and so each story taught a lesson or moral. \r\n\r\nIn the African folktales, the stories reflect the culture where diverse types of animals abound. The animals and birds are often accorded human attributes, so it is not uncommon to find animals talking, singing, or demonstrating other human characteristics such as greed, jealousy, honesty, etc. The setting in many of the stories exposes the reader to the land form and climate within that region of Africa. References are often made to different seasons such as the 'dry' or 'rainy' season and their various effects on the surrounding vegetation and animal life	\N	\N	2023-11-03 19:12:19.696414+00	2023-11-03 19:12:19.696434+00	1	1
3	What do you see?	How do you see yourself?  What is your image of God?  The answer to these two questions will determine the quality and direction of your life.\r\n\r\nBeloved, now we are children of God; and it has not yet been revealed what we shall be, but we know that when He is revealed, we shall be like Him, for we shall see Him as He is. (1 John 3:2)\r\n\r\nThink about the last phrase: “we shall be like Him, for we shall see Him as He is.”  As I thought about this, I realized it is saying we are like what we see.  How you “see” God and how you “see” yourself determines the course of your life.  The destiny of Israel was changed due to an inner image of inferiority and doubt about God’s promise.\r\n\r\n“There we saw the giants . . . and we were like grasshoppers in our own sight . . .”(Numbers 13:33)\r\n\r\nHow they saw themselves determined their future.  God had a very different future in mind for Israel, but the inner image of inferiority blocked God’s purpose and provision.\r\n\r\nFor as he thinks in his heart, so is he. (Prov. 23:7)\r\n\r\nYour inner image of you can be fatal.  If you see yourself as inferior, a victim, weak, unqualified or unworthy, your life will conform to that image.  If you see God as mysterious and undoubtedly unhappy with you, you will relate to Him as the source of your problems rather than the source of victory and abundant life.  \r\n\r\nFar too many believers live difficult lives because of what the “see” in their hearts.  They have embraced a victim mentality and a general disappointment in God, and that image is controlling their lives.\r\n\r\nWill you dare to let God define you?  Will you cooperate with His vision?  Will you choose to see the Father as Jesus revealed Him?  Until you change what you “see” you will never experience what He has given.\r\n	\N	\N	2023-11-04 09:12:14.788377+00	2023-11-04 09:12:14.788397+00	5	2
4	Kide	Once upon a time there was a snake called Kide. 	\N	\N	2023-11-04 12:21:22.388432+00	2023-11-04 12:01:44.093001+00	6	1
5	Memory's deception 	Detective Elena Mercer peered through the dimly lit interrogation room at the nervous suspect sitting across from her. In the not-so-distant future, where memory manipulation had become a common practice, solving crimes had taken a unique turn. Memories were no longer reliable evidence, and it was her job to cut through the deception.\r\n\r\nThe victim, Victor Lansing, had been found dead in his upscale apartment, a bullet hole in his chest and his memory data chip missing. The chip, implanted in the brain, recorded everything a person experienced. But it could be altered, erased, or overwritten, making the truth a slippery concept.\r\n\r\nThe suspect, a man named Gabriel Reyes, had no alibi and a suspiciously clean memory. Elena had spent hours sifting through Victor's altered memories, trying to find a clue, and she needed answers from Gabriel.\r\n\r\nShe sat down across from him, her gaze steady. "Mr. Reyes, I need to know your relationship with Victor Lansing and why your memory of the evening of his murder is conspicuously void."\r\n\r\nGabriel swallowed hard, beads of sweat forming on his forehead. "I barely knew him. We met at a charity event once, but I didn't see him that night."\r\n\r\nElena leaned in, her eyes locked on his. "That's funny, because according to Victor's memory chip, you were with him at his apartment on the night he died."\r\n\r\nGabriel shifted uncomfortably in his chair. "I don't know what you're talking about. I wasn't there."\r\n\r\nElena sighed, her frustration mounting. Memories were no longer a reliable source of truth. She decided to play her trump card. She pulled out a small device and placed it on the table. "This is a memory analyzer. It can reveal the original memories before any alterations. It's your chance to prove your innocence."\r\n\r\nGabriel hesitated but eventually consented. Elena connected the device to his chip, and the room was filled with the soft hum of the machine. After a few tense moments, the device beeped, displaying an unaltered memory.\r\n\r\nIn the memory, Gabriel was indeed at Victor's apartment on the night of the murder. However, it showed Gabriel standing in the corner, frantically covering his ears, while Victor argued with another person out of view.\r\n\r\nElena studied the memory, her mind racing. "Who were you arguing with, Mr. Reyes?"\r\n\r\nGabriel's eyes filled with fear. "I... I don't remember."\r\n\r\nElena pressed on. "We have evidence that Victor's memories were altered to protect someone. Was it you?"\r\n\r\nGabriel hesitated, then nodded, tears welling up in his eyes. "Yes, it was me. But I swear, I didn't kill him. We were arguing about a secret project, and then there was a gunshot. I panicked, grabbed the memory chip, and ran."\r\n\r\nElena's heart sank. If Gabriel was telling the truth, they had another murderer to find. She knew the altered memories had been designed to protect the real killer.\r\n\r\nAs she delved deeper into the investigation, Elena uncovered a web of corporate intrigue, espionage, and betrayal. In a world where the truth was as malleable as memories, she would have to rely on her intuition and determination to uncover the real killer and bring justice to Victor Lansing.\r\n\r\nThe case would test her skills like never before, and Elena Mercer was determined to solve it, no matter how many memories she had to sift through to find the elusive truth.	\N	\N	2023-11-04 12:57:30.484444+00	2023-11-04 12:57:30.484464+00	7	3
6	Quantum Tunneling	I don't know anything about this. Please help 	\N	\N	2023-11-04 14:00:27.205028+00	2023-11-04 14:00:27.205046+00	8	4
7	The Mystery of the Disappearing Socks	In my household, there was an ongoing enigma that rivaled even the most complex detective stories: the case of the disappearing socks. For years, I had been convinced that there was a sock-eating monster living in my washing machine.\r\n\r\nIt all started innocently enough. I'd put a pair of socks into the washing machine, and when the cycle was done, only one would emerge, like a lone survivor of a shipwreck. It was as if my socks had a secret desire for adventure, and one would always sneak away on its own.\r\n\r\nI checked every nook and cranny of the laundry room, hoping to find the missing socks. I even tried to interrogate the dryer, but it remained silent on the matter.\r\n\r\nAs time passed, I resorted to all sorts of theories. Perhaps the socks were staging a rebellion, protesting against the daily grind of covering my feet. Or maybe they were escaping to join a secret society of wandering socks.\r\n\r\nOne day, in a fit of frustration, I decided to document this ongoing mystery. I created a "Missing Socks" board, complete with photos of the socks that had gone missing and a reward for any information leading to their return.\r\n\r\nMy family found my antics amusing and contributed to the board with playful theories of their own. My sister suggested that the socks had eloped and were living happily ever after, while my dad believed they had taken off on a quest to find the Holy Grail.\r\n\r\nThe "Missing Socks" board became a source of entertainment and laughter in our household. It turned the mundane act of doing laundry into a whimsical adventure. And while I never did solve the mystery, I learned to embrace the absurdity of the situation. After all, life is too short to be bothered by missing socks when there are so many other mysteries to unravel.	\N	\N	2023-11-04 21:00:49.056924+00	2023-11-04 21:00:49.056944+00	2	5
9	Little Red Riding Hood	Once upon a time there was a dear little girl who was loved by every one who looked at her, but most of all by her grandmother, and there was nothing that she would not have given to the child. Once she gave her a little cap of red velvet, which suited her so well that she would never wear anything else. So she was always called Little Red Riding Hood.\r\n\r\n\r\nOne day her mother said to her, "Come, Little Red Riding Hood, here is a piece of cake and a bottle of wine. Take them to your grandmother, she is ill and weak, and they will do her good. Set out before it gets hot, and when you are going, walk nicely and quietly and do not run off the path, or you may fall and break the bottle, and then your grandmother will get nothing. And when you go into her room, don't forget to say, good-morning, and don't peep into every corner before you do it."\r\n\r\nI will take great care, said Little Red Riding Hood to her mother, and gave her hand on it.\r\n\r\n\r\nThe grandmother lived out in the wood, half a league from the village, and just as Little Red Riding Hood entered the wood, a wolf met her. Little Red Riding Hood did not know what a wicked creature he was, and was not at all afraid of him.\r\n\r\n"Good-day, Little Red Riding Hood," said he.\r\n\r\n"Thank you kindly, wolf."\r\n\r\n             "Whither away so early, Little Red Riding Hood?"\r\n\r\n"To my grandmother's."\r\n\r\n"What have you got in your apron?"\r\n\r\n"Cake and wine. Yesterday was baking-day, so poor sick grandmother is to have something good, to make her stronger."\r\n\r\n"Where does your grandmother live, Little Red Riding Hood?"\r\n\r\n"A good quarter of a league farther on in the wood. Her house stands under the three large oak-trees, the nut-trees are just below. You surely must know it," replied Little Red Riding Hood.\r\n\r\nThe wolf thought to himself, "What a tender young creature. What a nice plump mouthful, she will be better to eat than the old woman. I must act craftily, so as to catch both." So he walked for a short time by the side of Little Red Riding Hood, and then he said, "see Little Red Riding Hood, how pretty the flowers are about here. Why do you not look round. I believe, too, that you do not hear how sweetly the little birds are singing. You walk gravely along as if you were going to school, while everything else out here in the wood is merry."\r\n\r\nLittle Red Riding Hood raised her eyes, and when she saw the sunbeams dancing here and there through the trees, and pretty flowers growing everywhere, she thought, suppose I take grandmother a fresh nosegay. That would please her too. It is so early in the day that I shall still get there in good time. And so she ran from the path into the wood to look for flowers. And whenever she had picked one, she fancied that she saw a still prettier one farther on, and ran after it, and so got deeper and deeper into the wood.\r\n\r\nMeanwhile the wolf ran straight to the grandmother's house and knocked at the door.\r\n\r\n\r\n"Who is there?"\r\n\r\n\r\n"Little Red Riding Hood," replied the wolf. "She is bringing cake and wine. Open the door."\r\n\r\n"Lift the latch," called out the grandmother, "I am too weak, and cannot get up."\r\n\r\nThe wolf lifted the latch, the door sprang open, and without saying a word he went straight to the grandmother's bed, and devoured her. Then he put on her clothes, dressed himself in her cap, laid himself in bed and drew the curtains.\r\n\r\nLittle Red Riding Hood, however, had been running about picking flowers, and when she had gathered so many that she could carry no more, she remembered her grandmother, and set out on the way to her.\r\n\r\nShe was surprised to find the cottage-door standing open, and when she went into the room, she had such a strange feeling that she said to herself, oh dear, how uneasy I feel to-day, and at other times I like being with grandmother so much.\r\n\r\nShe called out, "Good morning," but received no answer. So she went to the bed and drew back the curtains. There lay her grandmother with her cap pulled far over her face, and looking very strange.\r\n\r\n"Oh, grandmother," she said, "what big ears you have."\r\n\r\n"The better to hear you with, my child," was the reply.\r\n\r\n"But, grandmother, what big eyes you have," she said.\r\n\r\n"The better to see you with, my dear."\r\n\r\n"But, grandmother, what large hands you have."\r\n\r\n"The better to hug you with."\r\n\r\n"Oh, but, grandmother, what a terrible big mouth you have."\r\n\r\n"The better to eat you with."\r\n\r\nAnd scarcely had the wolf said this, than with one bound he was out of bed and swallowed up Little Red Riding Hood.\r\n\r\nWhen the wolf had appeased his appetite, he lay down again in the bed, fell asleep and began to snore very loud. The huntsman was just passing the house, and thought to himself, how the old woman is snoring. I must just see if she wants anything.\r\n\r\nSo he went into the room, and when he came to the bed, he saw that the wolf was lying in it. "Do I find you here, you old sinner," said he. "I have long sought you."\r\n\r\nThen just as he was going to fire at him, it occurred to him that the wolf might have devoured the grandmother, and that she might still be saved, so he did not fire, but took a pair of scissors, and began to cut open the stomach of the sleeping wolf.\r\n\r\nWhen he had made two snips, he saw the Little Red Riding Hood shining, and then he made two snips more, and the little girl sprang out, crying, "Ah, how frightened I have been. How dark it was inside the wolf."\r\n\r\nAnd after that the aged grandmother came out alive also, but scarcely able to breathe. Little Red Riding Hood, however, quickly fetched great stones with which they filled the wolf's belly, and when he awoke, he wanted to run away, but the stones were so heavy that he collapsed at once, and fell dead.\r\n\r\nThen all three were delighted. The huntsman drew off the wolf's skin and went home with it. The grandmother ate the cake and drank the wine which Little Red Riding Hood had brought, and revived, but Little Red Riding Hood thought to herself, as long as I live, I will never by myself leave the path, to run into the wood, when my mother has forbidden me to do so.\r\n\r\nIt is also related that once when Little Red Riding Hood was again taking cakes to the old grandmother, another wolf spoke to her, and tried to entice her from the path. Little Red Riding Hood, however, was on her guard, and went straight forward on her way, and told her grandmother that she had met the wolf, and that he had said good-morning to her, but with such a wicked look in his eyes, that if they had not been on the public road she was certain he would have eaten her up. "Well," said the grandmother, "we will shut the door, that he may not come in."\r\n\r\nSoon afterwards the wolf knocked, and cried, "open the door, grandmother, I am Little Red Riding Hood, and am bringing you some cakes."\r\n\r\nBut they did not speak, or open the door, so the grey-beard stole twice or thrice round the house, and at last jumped on the roof, intending to wait until Little Red Riding Hood went home in the evening, and then to steal after her and devour her in the darkness. But the grandmother saw what was in his thoughts. In front of the house was a great stone trough, so she said to the child, take the pail, Little Red Riding Hood. I made some sausages yesterday, so carry the water in which I boiled them to the trough. Little Red Riding Hood carried until the great trough was quite full. Then the smell of the sausages reached the wolf, and he sniffed and peeped down, and at last stretched out his neck so far that he could no longer keep his footing and began to slip, and slipped down from the roof straight into the great trough, and was drowned. But Little Red Riding Hood went joyously home, and no one ever did anything to harm her again.	\N	\N	2023-11-07 06:03:56.470725+00	2023-11-07 06:01:27.01601+00	3	7
10	Cinderella	ONCE there was a gentleman who married, for his second wife, the proudest and most haughty woman that was ever seen. She had, by a former husband, two daughters of her own humor, who were, indeed, exactly like her in all things. He had likewise, by another wife, a young daughter, but of unparalleled goodness and sweetness of temper, which she took from her mother, who was the best creature in the world.\r\n\r\nNo sooner were the ceremonies of the wedding over but the mother-in-law began to show herself in her true colors. She could not bear the good qualities of this pretty girl, and the less because they made her own daughters appear the more odious. She employed her in the meanest work of the house: she scoured the dishes, tables, etc., and scrubbed madam's chamber, and those of misses, her daughters; she lay up in a sorry garret, upon a wretched straw bed, while her sisters lay in fine rooms, with floors all inlaid, upon beds of the very newest fashion, and where they had looking-glasses so large that they might see themselves at their full length from head to foot.\r\n\r\nThe poor girl bore all patiently, and dared not tell her father, who would have rattled her off; for his wife governed him entirely. When she had done her work, she used to go into the chimney-corner, and sit down among cinders and ashes, which made her commonly be called Cinderwench; but the youngest, who was not so rude and uncivil as the eldest, called her Cinderella. However, Cinderella, notwithstanding her mean apparel, was a hundred times handsomer than her sisters, though they were always dressed very richly.\r\n\r\nIt happened that the King's son gave a ball, and invited all persons of fashion to it. Our young misses were also invited, for they cut a very grand figure among the quality. They were mightily delighted at this invitation, and wonderfully busy in choosing out such gowns, petticoats, and head-clothes as might become them. This was a new trouble to Cinderella; for it was she who ironed her sisters' linen, and plaited their ruffles; they talked all day long of nothing but how they should be dressed.\r\n\r\n\r\n\r\n"For my part," said the eldest, "I will wear my red velvet suit with French trimming."\r\n\r\n"And I," said the youngest, "shall have my usual petticoat; but then, to make amends for that, I will put on my gold-flowered manteau, and my diamond stomacher, which is far from being the most ordinary one in the world."\r\nThey sent for the best tire-woman they could get to make up their head-dresses and adjust their double pinners, and they had their red brushes and patches from Mademoiselle de la Poche.\r\n\r\nCinderella was likewise called up to them to be consulted in all these matters, for she had excellent notions, and advised them always for the best, nay, and offered her services to dress their heads, which they were very willing she should do. As she was doing this, they said to her:\r\n\r\n"Cinderella, would you not be glad to go to the ball?"\r\n\r\n"Alas!" said she, "you only jeer me; it is not for such as I am to go thither."\r\n"Thou art in the right of it," replied they; "it would make the people laugh to see a Cinderwench at a ball."\r\n\r\nAnyone but Cinderella would have dressed their heads awry, but she was very good, and dressed them perfectly well They were almost two days without eating, so much were they transported with joy. They broke above a dozen laces in trying to be laced up close, that they might have a fine slender shape, and they were continually at their looking-glass. At last the happy day came; they went to Court, and Cinderella followed them with her eyes as long as she could, and when she had lost sight of them, she fell a-crying.\r\n\r\nHer godmother, who saw her all in tears, asked her what was the matter.\r\n"I wish I could--I wish I could--"; she was not able to speak the rest, being interrupted by her tears and sobbing.\r\n\r\nThis godmother of hers, who was a fairy, said to her, "Thou wishest thou couldst go to the ball; is it not so?"\r\n\r\n"Y--es," cried Cinderella, with a great sigh.\r\n\r\n"Well," said her godmother, "be but a good girl, and I will contrive that thou shalt go." Then she took her into her chamber, and said to her, "Run into the garden, and bring me a pumpkin."\r\n\r\nCinderella went immediately to gather the finest she could get, and brought it to her godmother, not being able to imagine how this pumpkin could make her go to the ball. Her godmother scooped out all the inside of it, having left nothing but the rind; which done, she struck it with her wand, and the pumpkin was instantly turned into a fine coach, gilded all over with gold.\r\n\r\nShe then went to look into her mouse-trap, where she found six mice, all alive, and ordered Cinderella to lift up a little the trapdoor, when, giving each mouse, as it went out, a little tap with her wand, the mouse was that moment turned into a fine horse, which altogether made a very fine set of six horses of a beautiful mouse-colored dapple-gray. Being at a loss for a coachman,\r\n\r\n"I will go and see," says Cinderella, "if there is never a rat in the rat-trap--we may make a coachman of him."\r\n\r\n"Thou art in the right," replied her godmother; "go and look."\r\n\r\nCinderella brought the trap to her, and in it there were three huge rats. The fairy made choice of one of the three which had the largest beard, and, having touched him with her wand, he was turned into a fat, jolly coach- man, who had the smartest whiskers eyes ever beheld. After that, she said to her:\r\n\r\n"Go again into the garden, and you will find six lizards behind the watering-pot, bring them to me."\r\n\r\nShe had no sooner done so but her godmother turned them into six footmen, who skipped up immediately behind the coach, with their liveries all bedaubed with gold and silver, and clung as close behind each other as if they had done nothing else their whole lives. The Fairy then said to Cinderella:\r\n\r\n"Well, you see here an equipage fit to go to the ball with; are you not pleased with it?"\r\n\r\n"Oh! yes," cried she; "but must I go thither as I am, in these nasty rags?"\r\n\r\nHer godmother only just touched her with her wand, and, at the same instant, her clothes were turned into cloth of gold and silver, all beset with jewels. This done, she gave her a pair of glass slippers, the prettiest in the whole world. Being thus decked out, she got up into her coach; but her godmother, above all things, commanded her not to stay till after midnight, telling her, at the same time, that if she stayed one moment longer, the coach would be a pumpkin again, her horses mice, her coachman a rat, her footmen lizards, and her clothes become just as they were before.\r\n\r\nShe promised her godmother she would not fail of leaving the ball before midnight; and then away she drives, scarce able to contain herself for joy. The King's son who was told that a great princess, whom nobody knew, was come, ran out to receive her; he gave her his hand as she alighted out of the coach, and led her into the ball, among all the company. There was immediately a profound silence, they left off dancing, and the violins ceased to play, so attentive was everyone to contemplate the singular beauties of the unknown new-comer. Nothing was then heard but a confused noise of:\r\n\r\n"Ha! how handsome she is! Ha! how handsome she is!"\r\n\r\nThe King himself, old as he was, could not help watching her, and telling the Queen softly that it was a long time since he had seen so beautiful and lovely a creature.\r\n\r\nAll the ladies were busied in considering her clothes and headdress, that they might have some made next day after the same pattern, provided they could meet with such fine material and as able hands to make them.\r\n\r\nThe King's son conducted her to the most honorable seat, and afterward took her out to dance with him; she danced so very gracefully that they all more and more admired her. A fine collation was served up, whereof the young prince ate not a morsel, so intently was he busied in gazing on her.\r\n\r\nShe went and sat down by her sisters, showing them a thousand civilities, giving them part of the oranges and citrons which the Prince had presented her with, which very much surprised them, for they did not know her. While Cinderella was thus amusing her sisters, she heard the clock strike eleven and three-quarters, whereupon she immediately made a courtesy to the company and hasted away as fast as she could.\r\nWhen she got home she ran to seek out her godmother, and, after having thanked her, she said she could not but heartily wish she might go next day to the ball, because the King's son had desired her.\r\n\r\nAs she was eagerly telling her godmother whatever had passed at the ball, her two sisters knocked at the door, which Cinderella ran and opened.\r\n\r\n"How long you have stayed!" cried she, gaping, rubbing her eyes and stretching herself as if she had been just waked out of her sleep; she had not, however, any manner of inclination to sleep since they went from home.\r\n\r\n"If thou hadst been at the ball," said one of her sisters, "thou wouldst not have been tired with it. There came thither the finest princess, the most beautiful ever was seen with mortal eyes; she showed us a thousand civilities, and gave us oranges and citrons."\r\n\r\nCinderella seemed very indifferent in the matter; indeed, she asked them the name of that princess; but they told her they did not know it, and that the King's son was very uneasy on her account and would give all the world to know who she was. At this Cinderella, smiling, replied:\r\n\r\n"She must, then, be very beautiful indeed; how happy you have been! Could not I see her? Ah! dear Miss Charlotte, do lend me your yellow suit of clothes which you wear every day."\r\n\r\n"Ay, to be sure!" cried Miss Charlotte; "lend my clothes to such a dirty Cinderwench as thou art! I should be a fool."\r\n\r\nCinderella, indeed, expected well such answer, and was very glad of the refusal; for she would have been sadly put to it if her sister had lent her what she asked for jestingly.\r\n\r\nThe next day the two sisters were at the ball, and so was Cinderella, but dressed more magnificently than before. The King's son was always by her, and never ceased his compliments and kind speeches to her; to whom all this was so far from being tiresome that she quite forgot what her godmother had recommended to her; so that she, at last, counted the clock striking twelve when she took it to be no more than eleven; she then rose up and fled, as nimble as a deer. The Prince followed, but could not overtake her. She left behind one of her glass slippers, which the Prince took up most carefully. She got home but quite out of breath, and in her nasty old clothes, having nothing left her of all her finery but one of the little slippers, fellow to that she dropped. The guards at the palace gate were asked:\r\n\r\nIf they had not seen a princess go out.\r\n\r\nWho said: They had seen nobody go out but a young girl, very meanly dressed, and who had more the air of a poor country wench than a gentlewoman.\r\n\r\nWhen the two sisters returned from the ball Cinderella asked them: If they had been well diverted, and if the fine lady had been there.\r\n\r\nThey told her: Yes, but that she hurried away immediately when it struck twelve, and with so much haste that she dropped one of her little glass slippers, the prettiest in the world, which the King's son had taken up; that he had done nothing but look at her all the time at the ball, and that most certainly he was very much in love with the beautiful person who owned the glass slipper.\r\n\r\nWhat they said was very true; for a few days after the King's son caused it to be proclaimed, by sound of trumpet, that he would marry her whose foot the slipper would just fit. They whom he employed began to try it upon the princesses, then the duchesses and all the Court, but in vain; it was brought to the two sisters, who did all they possibly could to thrust their foot into the slipper, but they could not effect it. Cinderella, who saw all this, and knew her slipper, said to them, laughing:\r\n\r\n"Let me see if it will not fit me."\r\n\r\nHer sisters burst out a-laughing, and began to banter her. The gentleman who was sent to try the slipper looked earnestly at Cinderella, and, finding her very handsome, said:\r\n\r\nIt was but just that she should try, and that he had orders to let everyone make trial.\r\n\r\nHe obliged Cinderella to sit down, and, putting the slipper to her foot, he found it went on very easily, and fitted her as if it had been made of wax. The astonishment her two sisters were in was excessively great, but still abundantly greater when Cinderella pulled out of her pocket the other slipper, and put it on her foot. Thereupon, in came her godmother, who, having touched with her wand Cinderella's clothes, made them richer and more magnificent than any of those she had before.\r\n\r\nAnd now her two sisters found her to be that fine, beautiful lady whom they had seen at the ball. They threw themselves at her feet to beg pardon for all the ill- treatment they had made her undergo. Cinderella took them up, and, as she embraced them, cried:\r\n\r\nThat she forgave them with all her heart, and desired them always to love her.\r\n\r\nShe was conducted to the young prince, dressed as she was; he thought her more charming than ever, and, a few days after, married her. Cinderella, who was no less good than beautiful, gave her two sisters lodgings in the palace.	\N	\N	2023-11-07 23:12:28.258016+00	2023-11-07 23:12:28.258043+00	11	7
11	Kide	Once upon a time there was a snake called Kide. \r\nNow, Kide was not your ordinary snake; he had a peculiar fascination with fashion. While most snakes were content slithering through the grass in their natural state, Kide had a grand vision of becoming the most stylish serpent in the animal kingdom. Kide's journey into the world of fashion began when he found an abandoned shoelace in the forest. With great determination, he managed to tie the shoelace around his neck as a makeshift tie. The forest creatures couldn't believe their eyes as Kide proudly displayed his new "accessory." Soon, word of Kide's fashion sense spread throughout the animal kingdom. Animals from near and far came to see the stylish snake. Kide became a fashion icon, and he embraced his new role wholeheartedly. He experimented with scarves, belts, and even a top hat he found discarded by a nearby hiker. One day, a wise old owl visited Kide and said, "Kide, fashion is not just about looking good; it's about expressing your unique self." Kide pondered these words, realizing that he had become so consumed with his outward appearance that he had neglected the qualities that truly mattered. Determined to embrace both style and substance, Kide started hosting fashion shows that promoted eco-friendly and sustainable clothing made from materials found in the forest. He also organized clean-up events to keep the forest beautiful and safe for all creatures. Kide's transformation from a fashion-obsessed snake to a thoughtful and responsible community leader was truly inspiring. His fashion sense continued to turn heads, but now it was his heart, kindness, and commitment to a better environment that made him a true icon in the animal kingdom. And so, Kide, the once-fashion-obsessed snake, became a symbol of the perfect blend of style, substance, and caring for the world around us, teaching everyone that true beauty goes beyond appearances and lies within the heart.	\N	\N	2023-11-09 04:01:45.093478+00	2023-11-09 04:01:45.093498+00	11	7
8	My Day as a Superhero (Sort of)***	It all began on an ordinary morning when I woke up with a burst of inspiration. I decided that today was going to be the day I became a superhero. With a red bedsheet serving as my makeshift cape, I was ready to conquer the world – or at least my neighborhood.\r\n\r\nMy first heroic act was to rescue my neighbor's cat, Mittens, from a tree. I rushed over to their house and offered my assistance. Climbing a tree in my makeshift cape turned out to be more challenging than I had anticipated, but with a lot of determination and some awkward wobbling, I managed to rescue Mittens. The cat promptly rewarded me by scratching my hand, perhaps to teach me that capes don't make you invincible.\r\n\r\nFeeling accomplished, I decided to continue my mission. I patrolled the streets, looking for any sign of trouble. I helped an elderly neighbor carry her groceries, stopped to tie a child's shoelaces, and even offered a shoulder to cry on for someone who had just broken up with their partner.\r\n\r\nMy superhero deeds made me feel invincible, but my grand illusion was shattered when I attempted to stop a bike thief. As I rushed to confront the culprit, my cape got tangled in the spokes of the thief's bike, sending me tumbling to the ground. I watched helplessly as the thief pedaled away with my red bedsheet in tow.\r\n\r\nHumbled and a bit bruised, I returned home without my cape. My family couldn't stop laughing as I recounted my adventures, particularly the caped escapade that ended with my cape's theft. They assured me that being a superhero doesn't always require a cape but rather a kind heart and a willingness to help others.\r\n\r\nMy day as a superhero had its ups and downs, but it taught me a valuable lesson. While I might not have superpowers or a cape, I can make a difference in the world by being there for others, one small act of kindness at a time.	\N	\N	2023-11-09 07:14:38.383933+00	2023-11-06 06:06:26.436395+00	2	6
12	The Great Pancake Caper	In the quirky town of Maplewood, where the aroma of pancakes perpetually lingered in the air, an eccentric group of friends stumbled upon a mystery that would flip their world upside down—literally.\r\n\r\nOne fine morning, as the townsfolk eagerly gathered for the annual pancake festival, they discovered that all the pancake batter in Maplewood had vanished! A syrupy panic ensued, and the mayor declared a state of emergency. Who on earth would abscond with all the pancake potential?\r\n\r\nEnter Benny Butterfingers, the town's renowned pancake aficionado and amateur detective. With a spatula in one hand and a magnifying glass in the other, Benny gathered a team of breakfast enthusiasts to crack the case.\r\n\r\nTheir investigation led them to the Pancake Phantom, a mischievous character known for swapping pancakes with waffles in the dead of night. The Pancake Phantom reveled in the chaos caused by the breakfast switcheroo, leaving behind syrupy clues and pancake-shaped footprints.\r\n\r\nDetermined to restore pancake peace, Benny and the crew devised a plan to outwit the elusive Phantom. They set up an elaborate pancake trap, luring the mischievous culprit with an irresistible stack of blueberry pancakes.\r\n\r\nUnderneath the cover of darkness, the Pancake Phantom took the bait, triggering a chain reaction of pancake pandemonium. Syrup squirted, flour flew, and in the midst of the chaos, Benny and the crew unmasked the culprit—a mischievous raccoon with a penchant for breakfast mischief.\r\n\r\nWith the Pancake Phantom revealed, the town erupted in laughter, turning the pancake caper into an annual tradition. Benny Butterfingers became a local hero, and the townsfolk celebrated with a pancake party that lasted until the early morning hours.\r\n\r\nAnd so, in Maplewood, the legend of the Pancake Phantom lived on as a hilarious tale of breakfast banditry, proving that even the quirkiest mysteries can be solved with a dash of humor and a stack of fluffy pancakes.	\N	\N	2023-11-10 06:13:17.850304+00	2023-11-10 06:13:17.85032+00	3	9
13	The Galactic Pizza Delivery Saga	In the not-so-distant future, where spaceships zipped around like delivery drones, an intergalactic pizza joint named "Cosmic Crust" took the universe by storm. Known for their out-of-this-world toppings and warp-speed deliveries, they were the go-to spot for hungry beings from all corners of the cosmos.\r\n\r\nOne fateful day, a quirky alien named Zarnak ordered a pizza with ingredients so exotic, they had to be collected from the farthest reaches of the galaxy. The Cosmic Crust promised a delivery that defied the laws of space and time, and the entire universe was eagerly awaiting the outcome.\r\n\r\nAs the pizza chef, Captain Pepperoni, prepared the otherworldly concoction, the delivery ship, aptly named "Pizza Warp Express," set off on its mission. However, in a twist of cosmic chaos, the ship accidentally entered a space-time rift, causing the pizza to teleport across multiple dimensions.\r\n\r\nThe pizza ended up in the hands (or tentacles, or appendages) of various extraterrestrial beings, each mistaking it for a culinary masterpiece from their own culture. Chaos ensued as the universe experienced an unexpected pizza exchange program.\r\n\r\nCaptain Pepperoni, determined to fix the pizza pandemonium, embarked on a cosmic quest. Along the way, he encountered sentient space blobs, musical aliens with a penchant for interstellar karaoke, and even a group of pizza-loving robots.\r\n\r\nWith each encounter, Captain Pepperoni managed to negotiate pizza swaps, turning the chaos into a cosmic pizza party. The news of this peculiar pizza adventure spread like stardust, and beings from all corners of the galaxy joined in the fun.\r\n\r\nIn the end, the original pizza with its exotic toppings found its way back to Zarnak, who, unaware of the intergalactic journey it had undertaken, enjoyed every flavorful bite.\r\n\r\nAnd so, the tale of the Galactic Pizza Delivery Saga became a legendary story shared across the universe, reminding everyone that sometimes, the most unexpected adventures can be found in a box of pizza hurtling through the cosmos.	\N	\N	2023-11-10 06:34:14.278185+00	2023-11-10 06:34:14.278203+00	11	3
\.


--
-- Data for Name: users_room_participants; Type: TABLE DATA; Schema: public; Owner: postgres
--

COPY public.users_room_participants (id, room_id, user_id) FROM stdin;
1	1	2
2	1	4
3	1	5
4	5	2
5	4	2
6	6	3
8	3	2
10	8	11
11	12	11
12	7	11
13	5	11
14	3	11
15	9	5
16	9	3
\.


--
-- Data for Name: users_topic; Type: TABLE DATA; Schema: public; Owner: postgres
--

COPY public.users_topic (id, name) FROM stdin;
1	African stories
2	Inner Sight
3	Sci-fi 
4	Sci-fi
5	Family stories
6	Adventurous 
7	Children Stories
8	Kundeegarten
9	Food Stories
\.


--
-- Data for Name: users_user; Type: TABLE DATA; Schema: public; Owner: postgres
--

COPY public.users_user (id, password, last_login, is_superuser, username, first_name, last_name, email, is_staff, is_active, date_joined, bio, avatar) FROM stdin;
1	pbkdf2_sha256$600000$xlDl3CU1a0V4sTxX1Br3o6$sYEs6rT6mH7qPhdnR+nX8lrcRpHcIOyLqB0u3Y+xtxM=	2023-11-03 18:07:28.64685+00	f	Silvester	Sylivester	Mberenge	m.silverbuckson@gmail.com	f	t	2023-11-03 18:07:28.155414+00	\N	avatar.svg
12	pbkdf2_sha256$600000$o7VoXwyjDfCt8aXiaVCCEj$4A+kGJBh/+shDsM2+rNY52vUuWpTM7CeNTHoRsPJ384=	2023-11-10 06:06:15.685534+00	f	nbabs			m.silverbucksooon@gmail.com	f	t	2023-11-10 06:06:15.240127+00	\N	avatar.svg
4	pbkdf2_sha256$600000$lR9AJzm4PS6DObN2TYFQht$hOfWLWI4B0zf0cG7rkkr0AOEgqUz+k37vCqrOUpRGhA=	2023-11-04 08:16:03+00	f	pwisdom	Peter	Wisdom	pwisdom@gmail.com	f	t	2023-11-04 08:16:03+00	I am Peter, and the best peter ever	storytelling2.png
5	pbkdf2_sha256$600000$ekzy44Cvc9Gisan9AExVNT$oS/ei6SZ7yx6ui8xvnxFYzqAzpD9b1QEvpEz6ZAS4As=	2023-11-04 08:46:00.12876+00	f	thewisepeter	Peter	Wisdom	pwisdom@gmail.com	f	t	2023-11-04 08:45:59.646561+00	\N	avatar.svg
11	pbkdf2_sha256$600000$46DjbPQTZQRrKyLYO9kUqa$xEomQZadPUJtbEtXGSSw5H4osSQIq/jqqXPWp9Sb6z0=	2023-11-11 18:45:24.950817+00	f	rinah_24	Rinah		skillarts2080@gmail.com	f	t	2023-11-07 23:07:13.043095+00	\N	avatar.svg
8	pbkdf2_sha256$600000$PyD24ptNADNI1f3tBENMiC$bYa9a25ydDu9hHIwJmAlEBnOgVr1yFlNbd1KJKKLyKk=	2023-11-04 13:59:28.462992+00	f	muchirii	Moses	Muchiri		f	t	2023-11-04 13:59:28.004823+00	\N	avatar.svg
3	pbkdf2_sha256$600000$W2IfLjQzpemwUR0HwrF0cD$qfOHZODp/JEMUTLC/l9javgd9Wg0WIQxcMHM8h5bZ+Q=	2023-11-15 09:11:28.479642+00	t	Admin			admin@narrartive.com	t	t	2023-11-04 08:10:00.775116+00	\N	storytelling2_ZuHiBfO.png
9	pbkdf2_sha256$600000$g7E4OqaWn8HzL1YTWx1syx$jM6MLHIrdK7CCeFWitbA7NwXNdIJ/UPX6+YBx0ezFWs=	2023-11-05 11:42:12.483959+00	f	@feikh			feikh@gmail.com	f	t	2023-11-05 11:42:11.954902+00	\N	avatar.svg
7	pbkdf2_sha256$600000$dLuSl3NSXfpZ7Zqi9wRj4q$K+Bl1P3ZU1yrihbHmK34bVn8ZN2Nz+/5lOxgo5AzFe4=	2023-11-15 09:23:08.264781+00	f	flexflakes@gmail.com	Faith	Ampwera	flexflakes@gmail.com	f	t	2023-11-04 12:54:33.030782+00	\N	avatar.svg
10	pbkdf2_sha256$600000$nSpOsBtXYESfbRdHsJqZVs$GXLZMA9bD7kL9G70h1tCAmvgWlbKfUpI2jG/ipkWAVE=	2023-11-06 00:31:01.482568+00	f	sunny			phillipah33@gmail.com	f	t	2023-11-06 00:31:01.025736+00	\N	avatar.svg
2	pbkdf2_sha256$600000$fA9URbXv9ac6tGbhqYVgpH$w2hgG785TLvdqFY4+wMoaOni0Z/CWhgTbrgZWTZ+GHY=	2023-11-18 06:13:50.656469+00	f	mlking	Martin	Luther	admin@radicalstart.com	f	t	2023-11-03 22:41:38.12196+00	\N	IMG_20231022_023745.jpg
6	pbkdf2_sha256$600000$8sDBI5kNhKyDwYS8cXQdEB$6DqqEHgoXIFVq4jlY8GCjmWzb5hUKwe43yAeTcb/T2o=	2023-11-04 11:59:49.0946+00	f	yayimideh	Yayi	Mideh	midehyayi15@gmail.com	f	t	2023-11-04 11:59:48.517917+00	\N	avatar.svg
\.


--
-- Data for Name: users_user_groups; Type: TABLE DATA; Schema: public; Owner: postgres
--

COPY public.users_user_groups (id, user_id, group_id) FROM stdin;
\.


--
-- Data for Name: users_user_user_permissions; Type: TABLE DATA; Schema: public; Owner: postgres
--

COPY public.users_user_user_permissions (id, user_id, permission_id) FROM stdin;
\.


--
-- Name: auth_group_id_seq; Type: SEQUENCE SET; Schema: public; Owner: postgres
--

SELECT pg_catalog.setval('public.auth_group_id_seq', 1, false);


--
-- Name: auth_group_permissions_id_seq; Type: SEQUENCE SET; Schema: public; Owner: postgres
--

SELECT pg_catalog.setval('public.auth_group_permissions_id_seq', 1, false);


--
-- Name: auth_permission_id_seq; Type: SEQUENCE SET; Schema: public; Owner: postgres
--

SELECT pg_catalog.setval('public.auth_permission_id_seq', 40, true);


--
-- Name: chats_message_id_seq; Type: SEQUENCE SET; Schema: public; Owner: postgres
--

SELECT pg_catalog.setval('public.chats_message_id_seq', 1, false);


--
-- Name: django_admin_log_id_seq; Type: SEQUENCE SET; Schema: public; Owner: postgres
--

SELECT pg_catalog.setval('public.django_admin_log_id_seq', 1, true);


--
-- Name: django_content_type_id_seq; Type: SEQUENCE SET; Schema: public; Owner: postgres
--

SELECT pg_catalog.setval('public.django_content_type_id_seq', 10, true);


--
-- Name: django_migrations_id_seq; Type: SEQUENCE SET; Schema: public; Owner: postgres
--

SELECT pg_catalog.setval('public.django_migrations_id_seq', 19, true);


--
-- Name: users_message_id_seq; Type: SEQUENCE SET; Schema: public; Owner: postgres
--

SELECT pg_catalog.setval('public.users_message_id_seq', 16, true);


--
-- Name: users_room_id_seq; Type: SEQUENCE SET; Schema: public; Owner: postgres
--

SELECT pg_catalog.setval('public.users_room_id_seq', 13, true);


--
-- Name: users_room_participants_id_seq; Type: SEQUENCE SET; Schema: public; Owner: postgres
--

SELECT pg_catalog.setval('public.users_room_participants_id_seq', 16, true);


--
-- Name: users_topic_id_seq; Type: SEQUENCE SET; Schema: public; Owner: postgres
--

SELECT pg_catalog.setval('public.users_topic_id_seq', 9, true);


--
-- Name: users_user_groups_id_seq; Type: SEQUENCE SET; Schema: public; Owner: postgres
--

SELECT pg_catalog.setval('public.users_user_groups_id_seq', 1, false);


--
-- Name: users_user_id_seq; Type: SEQUENCE SET; Schema: public; Owner: postgres
--

SELECT pg_catalog.setval('public.users_user_id_seq', 12, true);


--
-- Name: users_user_user_permissions_id_seq; Type: SEQUENCE SET; Schema: public; Owner: postgres
--

SELECT pg_catalog.setval('public.users_user_user_permissions_id_seq', 1, false);


--
-- Name: auth_group auth_group_name_key; Type: CONSTRAINT; Schema: public; Owner: postgres
--

ALTER TABLE ONLY public.auth_group
    ADD CONSTRAINT auth_group_name_key UNIQUE (name);


--
-- Name: auth_group_permissions auth_group_permissions_group_id_permission_id_0cd325b0_uniq; Type: CONSTRAINT; Schema: public; Owner: postgres
--

ALTER TABLE ONLY public.auth_group_permissions
    ADD CONSTRAINT auth_group_permissions_group_id_permission_id_0cd325b0_uniq UNIQUE (group_id, permission_id);


--
-- Name: auth_group_permissions auth_group_permissions_pkey; Type: CONSTRAINT; Schema: public; Owner: postgres
--

ALTER TABLE ONLY public.auth_group_permissions
    ADD CONSTRAINT auth_group_permissions_pkey PRIMARY KEY (id);


--
-- Name: auth_group auth_group_pkey; Type: CONSTRAINT; Schema: public; Owner: postgres
--

ALTER TABLE ONLY public.auth_group
    ADD CONSTRAINT auth_group_pkey PRIMARY KEY (id);


--
-- Name: auth_permission auth_permission_content_type_id_codename_01ab375a_uniq; Type: CONSTRAINT; Schema: public; Owner: postgres
--

ALTER TABLE ONLY public.auth_permission
    ADD CONSTRAINT auth_permission_content_type_id_codename_01ab375a_uniq UNIQUE (content_type_id, codename);


--
-- Name: auth_permission auth_permission_pkey; Type: CONSTRAINT; Schema: public; Owner: postgres
--

ALTER TABLE ONLY public.auth_permission
    ADD CONSTRAINT auth_permission_pkey PRIMARY KEY (id);


--
-- Name: chats_message chats_message_pkey; Type: CONSTRAINT; Schema: public; Owner: postgres
--

ALTER TABLE ONLY public.chats_message
    ADD CONSTRAINT chats_message_pkey PRIMARY KEY (id);


--
-- Name: django_admin_log django_admin_log_pkey; Type: CONSTRAINT; Schema: public; Owner: postgres
--

ALTER TABLE ONLY public.django_admin_log
    ADD CONSTRAINT django_admin_log_pkey PRIMARY KEY (id);


--
-- Name: django_content_type django_content_type_app_label_model_76bd3d3b_uniq; Type: CONSTRAINT; Schema: public; Owner: postgres
--

ALTER TABLE ONLY public.django_content_type
    ADD CONSTRAINT django_content_type_app_label_model_76bd3d3b_uniq UNIQUE (app_label, model);


--
-- Name: django_content_type django_content_type_pkey; Type: CONSTRAINT; Schema: public; Owner: postgres
--

ALTER TABLE ONLY public.django_content_type
    ADD CONSTRAINT django_content_type_pkey PRIMARY KEY (id);


--
-- Name: django_migrations django_migrations_pkey; Type: CONSTRAINT; Schema: public; Owner: postgres
--

ALTER TABLE ONLY public.django_migrations
    ADD CONSTRAINT django_migrations_pkey PRIMARY KEY (id);


--
-- Name: django_session django_session_pkey; Type: CONSTRAINT; Schema: public; Owner: postgres
--

ALTER TABLE ONLY public.django_session
    ADD CONSTRAINT django_session_pkey PRIMARY KEY (session_key);


--
-- Name: users_message users_message_pkey; Type: CONSTRAINT; Schema: public; Owner: postgres
--

ALTER TABLE ONLY public.users_message
    ADD CONSTRAINT users_message_pkey PRIMARY KEY (id);


--
-- Name: users_room_participants users_room_participants_pkey; Type: CONSTRAINT; Schema: public; Owner: postgres
--

ALTER TABLE ONLY public.users_room_participants
    ADD CONSTRAINT users_room_participants_pkey PRIMARY KEY (id);


--
-- Name: users_room_participants users_room_participants_room_id_user_id_key; Type: CONSTRAINT; Schema: public; Owner: postgres
--

ALTER TABLE ONLY public.users_room_participants
    ADD CONSTRAINT users_room_participants_room_id_user_id_key UNIQUE (room_id, user_id);


--
-- Name: users_room users_room_pkey; Type: CONSTRAINT; Schema: public; Owner: postgres
--

ALTER TABLE ONLY public.users_room
    ADD CONSTRAINT users_room_pkey PRIMARY KEY (id);


--
-- Name: users_topic users_topic_pkey; Type: CONSTRAINT; Schema: public; Owner: postgres
--

ALTER TABLE ONLY public.users_topic
    ADD CONSTRAINT users_topic_pkey PRIMARY KEY (id);


--
-- Name: users_user_groups users_user_groups_pkey; Type: CONSTRAINT; Schema: public; Owner: postgres
--

ALTER TABLE ONLY public.users_user_groups
    ADD CONSTRAINT users_user_groups_pkey PRIMARY KEY (id);


--
-- Name: users_user_groups users_user_groups_user_id_group_id_key; Type: CONSTRAINT; Schema: public; Owner: postgres
--

ALTER TABLE ONLY public.users_user_groups
    ADD CONSTRAINT users_user_groups_user_id_group_id_key UNIQUE (user_id, group_id);


--
-- Name: users_user users_user_pkey; Type: CONSTRAINT; Schema: public; Owner: postgres
--

ALTER TABLE ONLY public.users_user
    ADD CONSTRAINT users_user_pkey PRIMARY KEY (id);


--
-- Name: users_user_user_permissions users_user_user_permissions_pkey; Type: CONSTRAINT; Schema: public; Owner: postgres
--

ALTER TABLE ONLY public.users_user_user_permissions
    ADD CONSTRAINT users_user_user_permissions_pkey PRIMARY KEY (id);


--
-- Name: users_user_user_permissions users_user_user_permissions_user_id_permission_id_key; Type: CONSTRAINT; Schema: public; Owner: postgres
--

ALTER TABLE ONLY public.users_user_user_permissions
    ADD CONSTRAINT users_user_user_permissions_user_id_permission_id_key UNIQUE (user_id, permission_id);


--
-- Name: users_user users_user_username_key; Type: CONSTRAINT; Schema: public; Owner: postgres
--

ALTER TABLE ONLY public.users_user
    ADD CONSTRAINT users_user_username_key UNIQUE (username);


--
-- Name: auth_group_name_a6ea08ec_like; Type: INDEX; Schema: public; Owner: postgres
--

CREATE INDEX auth_group_name_a6ea08ec_like ON public.auth_group USING btree (name varchar_pattern_ops);


--
-- Name: auth_group_permissions_group_id_b120cbf9; Type: INDEX; Schema: public; Owner: postgres
--

CREATE INDEX auth_group_permissions_group_id_b120cbf9 ON public.auth_group_permissions USING btree (group_id);


--
-- Name: auth_group_permissions_permission_id_84c5c92e; Type: INDEX; Schema: public; Owner: postgres
--

CREATE INDEX auth_group_permissions_permission_id_84c5c92e ON public.auth_group_permissions USING btree (permission_id);


--
-- Name: auth_permission_content_type_id_2f476e4b; Type: INDEX; Schema: public; Owner: postgres
--

CREATE INDEX auth_permission_content_type_id_2f476e4b ON public.auth_permission USING btree (content_type_id);


--
-- Name: django_admin_log_content_type_id_c4bce8eb; Type: INDEX; Schema: public; Owner: postgres
--

CREATE INDEX django_admin_log_content_type_id_c4bce8eb ON public.django_admin_log USING btree (content_type_id);


--
-- Name: django_admin_log_user_id_c564eba6; Type: INDEX; Schema: public; Owner: postgres
--

CREATE INDEX django_admin_log_user_id_c564eba6 ON public.django_admin_log USING btree (user_id);


--
-- Name: django_session_expire_date_a5c62663; Type: INDEX; Schema: public; Owner: postgres
--

CREATE INDEX django_session_expire_date_a5c62663 ON public.django_session USING btree (expire_date);


--
-- Name: django_session_session_key_c0390e0f_like; Type: INDEX; Schema: public; Owner: postgres
--

CREATE INDEX django_session_session_key_c0390e0f_like ON public.django_session USING btree (session_key varchar_pattern_ops);


--
-- Name: auth_group_permissions auth_group_permissio_permission_id_84c5c92e_fk_auth_perm; Type: FK CONSTRAINT; Schema: public; Owner: postgres
--

ALTER TABLE ONLY public.auth_group_permissions
    ADD CONSTRAINT auth_group_permissio_permission_id_84c5c92e_fk_auth_perm FOREIGN KEY (permission_id) REFERENCES public.auth_permission(id) DEFERRABLE INITIALLY DEFERRED;


--
-- Name: auth_group_permissions auth_group_permissions_group_id_b120cbf9_fk_auth_group_id; Type: FK CONSTRAINT; Schema: public; Owner: postgres
--

ALTER TABLE ONLY public.auth_group_permissions
    ADD CONSTRAINT auth_group_permissions_group_id_b120cbf9_fk_auth_group_id FOREIGN KEY (group_id) REFERENCES public.auth_group(id) DEFERRABLE INITIALLY DEFERRED;


--
-- Name: auth_permission auth_permission_content_type_id_2f476e4b_fk_django_co; Type: FK CONSTRAINT; Schema: public; Owner: postgres
--

ALTER TABLE ONLY public.auth_permission
    ADD CONSTRAINT auth_permission_content_type_id_2f476e4b_fk_django_co FOREIGN KEY (content_type_id) REFERENCES public.django_content_type(id) DEFERRABLE INITIALLY DEFERRED;


--
-- Name: django_admin_log django_admin_log_content_type_id_c4bce8eb_fk_django_co; Type: FK CONSTRAINT; Schema: public; Owner: postgres
--

ALTER TABLE ONLY public.django_admin_log
    ADD CONSTRAINT django_admin_log_content_type_id_c4bce8eb_fk_django_co FOREIGN KEY (content_type_id) REFERENCES public.django_content_type(id) DEFERRABLE INITIALLY DEFERRED;


--
-- Name: django_admin_log django_admin_log_user_id_c564eba6_fk_users_user_id; Type: FK CONSTRAINT; Schema: public; Owner: postgres
--

ALTER TABLE ONLY public.django_admin_log
    ADD CONSTRAINT django_admin_log_user_id_c564eba6_fk_users_user_id FOREIGN KEY (user_id) REFERENCES public.users_user(id) DEFERRABLE INITIALLY DEFERRED;


--
-- PostgreSQL database dump complete
--

